{
  "project_info": {
    "project_number": "811828125363",
    "project_id": "edemand-79907",
    "storage_bucket": "edemand-79907.appspot.com"
  },
  "client": [
    {
      "client_info": {
        "mobilesdk_app_id": "1:811828125363:android:ae603b4f47d49e0c1f5ac6",
        "android_client_info": {
          "package_name": "wrteam.edemand.customer.e_demand"
        }
      },
      "oauth_client": [
        {
          "client_id": "811828125363-32clcvu4fsf4i6n2747dbqg7seloq6aa.apps.googleusercontent.com",
          "client_type": 1,
          "android_info": {
            "package_name": "wrteam.edemand.customer.e_demand",
            "certificate_hash": "4cd56deeeb4613231f689af5e46f5e76e2ec2da2"
          }
        },
        {
          "client_id": "811828125363-4gtnefqspodq5hc81q1htaalm587hf57.apps.googleusercontent.com",
          "client_type": 1,
          "android_info": {
            "package_name": "wrteam.edemand.customer.e_demand",
            "certificate_hash": "9028c3a86eb15ed97219cf86868ec29ebd3f8a90"
          }
        },
        {
          "client_id": "811828125363-51bdn2mk3lk6fan2msrc81dj5mhv7o0k.apps.googleusercontent.com",
          "client_type": 1,
          "android_info": {
            "package_name": "wrteam.edemand.customer.e_demand",
            "certificate_hash": "9daf146a003dfd7d4e6973533570e6e7356a4be8"
          }
        },
        {
          "client_id": "811828125363-8phr4k865humcgkobibim82gomb2ivjd.apps.googleusercontent.com",
          "client_type": 1,
          "android_info": {
            "package_name": "wrteam.edemand.customer.e_demand",
            "certificate_hash": "10dff690f69595d027ee07908517132fa6bc8fcb"
          }
        },
        {
          "client_id": "811828125363-9lj2dckldg9g663ame8s8b0cv7hnmain.apps.googleusercontent.com",
          "client_type": 1,
          "android_info": {
            "package_name": "wrteam.edemand.customer.e_demand",
            "certificate_hash": "18015e766863d08a08d3784e53891c022b2db9ce"
          }
        },
        {
          "client_id": "811828125363-i3b4l0d8bu1aq16s1g3kg070g92b7sn1.apps.googleusercontent.com",
          "client_type": 1,
          "android_info": {
            "package_name": "wrteam.edemand.customer.e_demand",
            "certificate_hash": "d13be407f63cda1da00ca10ae2e0c35b7ddd442d"
          }
        },
        {
          "client_id": "811828125363-o8tl58m291veksqs3lpvaoot12n1vn7e.apps.googleusercontent.com",
          "client_type": 1,
          "android_info": {
            "package_name": "wrteam.edemand.customer.e_demand",
            "certificate_hash": "43075260377dfe87095527975765878a18a1818e"
          }
        },
        {
          "client_id": "811828125363-oaufd8nnnbj1nal2sbf6t5el2nk3769u.apps.googleusercontent.com",
          "client_type": 1,
          "android_info": {
            "package_name": "wrteam.edemand.customer.e_demand",
            "certificate_hash": "cd9cd9d8f8a7a6a543437fed4993e28a9d45032f"
          }
        },
        {
          "client_id": "811828125363-hho93g1ipg9eh77vc0fqsosjq8dt7ve3.apps.googleusercontent.com",
          "client_type": 3
        }
      ],
      "api_key": [
        {
          "current_key": "AIzaSyBhD2s84d5y_6F3eV4P5G6Wjf63KUNnoC4"
        }
      ],
      "services": {
        "appinvite_service": {
          "other_platform_oauth_client": [
            {
              "client_id": "811828125363-hho93g1ipg9eh77vc0fqsosjq8dt7ve3.apps.googleusercontent.com",
              "client_type": 3
            },
            {
              "client_id": "811828125363-mk2ie465crdg921di3nsa4s459r1m6tg.apps.googleusercontent.com",
              "client_type": 2,
              "ios_info": {
                "bundle_id": "wrteam.edemand.partner.eDemand"
              }
            }
          ]
        }
      }
    },
    {
      "client_info": {
        "mobilesdk_app_id": "1:811828125363:android:846a36ddf44422b21f5ac6",
        "android_client_info": {
          "package_name": "wrteam.edemand.partner.e_demand"
        }
      },
      "oauth_client": [
        {
          "client_id": "811828125363-ba0limnvl2pevr8iidq41cmvnqfjs7ci.apps.googleusercontent.com",
          "client_type": 1,
          "android_info": {
            "package_name": "wrteam.edemand.partner.e_demand",
            "certificate_hash": "d13be407f63cda1da00ca10ae2e0c35b7ddd442d"
          }
        },
        {
          "client_id": "811828125363-hho93g1ipg9eh77vc0fqsosjq8dt7ve3.apps.googleusercontent.com",
          "client_type": 3
        }
      ],
      "api_key": [
        {
          "current_key": "AIzaSyBhD2s84d5y_6F3eV4P5G6Wjf63KUNnoC4"
        }
      ],
      "services": {
        "appinvite_service": {
          "other_platform_oauth_client": [
            {
              "client_id": "811828125363-hho93g1ipg9eh77vc0fqsosjq8dt7ve3.apps.googleusercontent.com",
              "client_type": 3
            },
            {
              "client_id": "811828125363-mk2ie465crdg921di3nsa4s459r1m6tg.apps.googleusercontent.com",
              "client_type": 2,
              "ios_info": {
                "bundle_id": "wrteam.edemand.partner.eDemand"
              }
            }
          ]
        }
      }
    },
    {
      "client_info": {
        "mobilesdk_app_id": "1:811828125363:android:5068449898c906561f5ac6",
        "android_client_info": {
          "package_name": "wrteam.edemand.provider"
        }
      },
      "oauth_client": [
        {
          "client_id": "811828125363-hho93g1ipg9eh77vc0fqsosjq8dt7ve3.apps.googleusercontent.com",
          "client_type": 3
        }
      ],
      "api_key": [
        {
          "current_key": "AIzaSyBhD2s84d5y_6F3eV4P5G6Wjf63KUNnoC4"
        }
      ],
      "services": {
        "appinvite_service": {
          "other_platform_oauth_client": [
            {
              "client_id": "811828125363-hho93g1ipg9eh77vc0fqsosjq8dt7ve3.apps.googleusercontent.com",
              "client_type": 3
            },
            {
              "client_id": "811828125363-mk2ie465crdg921di3nsa4s459r1m6tg.apps.googleusercontent.com",
              "client_type": 2,
              "ios_info": {
                "bundle_id": "wrteam.edemand.partner.eDemand"
              }
            }
          ]
        }
      }
    }
  ],
  "configuration_version": "1"
}